pop,super,n_hap,worst,p1,median,uniq_profiles
ACB,AFR,192,0.9895833333333334,0.9895833333333334,0.9947916666666666,186
ASW,AFR,122,0.9672131147540983,0.9754098360655737,0.9918032786885246,117
BEB,SAS,172,0.9767441860465116,0.985,0.9941860465116279,170
CDX,EAS,186,0.9838709677419355,0.9838709677419355,0.9946236559139785,179
CEU,EUR,198,0.98989898989899,0.98989898989899,0.9949494949494949,196
CHB,EAS,206,0.9951456310679612,0.9951456310679612,0.9951456310679612,206
CHS,EAS,210,0.9904761904761905,0.990904761904762,0.9952380952380953,209
CLM,AMR,188,0.973404255319149,0.973404255319149,0.9946808510638298,175
ESN,AFR,198,0.9848484848484849,0.9848484848484849,0.9949494949494949,190
FIN,EUR,198,0.9848484848484849,0.9848484848484849,0.9949494949494949,184
GBR,EUR,182,0.9835164835164835,0.987967032967033,0.9945054945054945,175
GIH,SAS,206,0.9805825242718447,0.9805825242718447,0.9951456310679612,193
GWD,AFR,226,0.9911504424778761,0.9911504424778761,0.995575221238938,218
IBS,EUR,214,0.9906542056074766,0.9906542056074766,0.9953271028037384,212
ITU,SAS,204,0.9852941176470589,0.9852941176470589,0.9950980392156863,196
JPT,EAS,208,0.9807692307692307,0.9855769230769231,0.9951923076923077,205
KHV,EAS,198,0.98989898989899,0.98989898989899,0.9949494949494949,193
LWK,AFR,198,0.9646464646464646,0.9646464646464646,0.9949494949494949,170
MSL,AFR,170,0.9882352941176471,0.9882352941176471,0.9941176470588236,167
MXL,AMR,128,0.9765625,0.9765625,0.9921875,126
PEL,AMR,170,0.9882352941176471,0.9882352941176471,0.9941176470588236,168
PJL,SAS,192,0.9791666666666666,0.9791666666666666,0.9947916666666666,184
PUR,AMR,208,0.9759615384615384,0.9807692307692307,0.9951923076923077,177
STU,SAS,204,0.9852941176470589,0.9901960784313726,0.9950980392156863,191
TSI,EUR,214,0.9906542056074766,0.9906542056074766,0.9953271028037384,211
YRI,AFR,216,0.9861111111111112,0.9868055555555556,0.9953703703703703,209
