group,n_hap,worst,p1,median,best,distinct_profiles,commonest_profile_n,commonest_profile_frac
ACB,192,0.9895833333333334,0.9895833333333334,0.9947916666666666,0.9947916666666666,186,2,0.010416666666666666
ASW,122,0.9672131147540983,0.9754098360655737,0.9918032786885246,0.9918032786885246,117,3,0.02459016393442623
BEB,172,0.9767441860465116,0.985,0.9941860465116279,0.9941860465116279,170,2,0.011627906976744186
CDX,186,0.9838709677419355,0.9838709677419355,0.9946236559139785,0.9946236559139785,179,3,0.016129032258064516
CEU,198,0.98989898989899,0.98989898989899,0.9949494949494949,0.9949494949494949,196,2,0.010101010101010102
CHB,206,0.9951456310679612,0.9951456310679612,0.9951456310679612,0.9951456310679612,206,1,0.0048543689320388345
CHS,210,0.9904761904761905,0.990904761904762,0.9952380952380953,0.9952380952380953,209,2,0.009523809523809525
CLM,188,0.973404255319149,0.973404255319149,0.9946808510638298,0.9946808510638298,175,3,0.015957446808510637
ESN,198,0.9848484848484849,0.9848484848484849,0.9949494949494949,0.9949494949494949,190,3,0.015151515151515152
FIN,198,0.9848484848484849,0.9848484848484849,0.9949494949494949,0.9949494949494949,184,3,0.015151515151515152
GBR,182,0.9835164835164835,0.987967032967033,0.9945054945054945,0.9945054945054945,175,2,0.01098901098901099
GIH,206,0.9805825242718447,0.9805825242718447,0.9951456310679612,0.9951456310679612,193,4,0.019417475728155338
GWD,226,0.9911504424778761,0.9911504424778761,0.995575221238938,0.995575221238938,218,2,0.008849557522123894
IBS,214,0.9906542056074766,0.9906542056074766,0.9953271028037384,0.9953271028037384,212,2,0.009345794392523364
ITU,204,0.9852941176470589,0.9852941176470589,0.9950980392156863,0.9950980392156863,196,3,0.014705882352941176
JPT,208,0.9807692307692307,0.9855769230769231,0.9951923076923077,0.9951923076923077,205,3,0.014423076923076924
KHV,198,0.98989898989899,0.98989898989899,0.9949494949494949,0.9949494949494949,193,2,0.010101010101010102
LWK,198,0.9646464646464646,0.9646464646464646,0.9949494949494949,0.9949494949494949,170,5,0.025252525252525252
MSL,170,0.9882352941176471,0.9882352941176471,0.9941176470588236,0.9941176470588236,167,2,0.011764705882352941
MXL,128,0.9765625,0.9765625,0.9921875,0.9921875,126,3,0.0234375
PEL,170,0.9882352941176471,0.9882352941176471,0.9941176470588236,0.9941176470588236,168,2,0.011764705882352941
PJL,192,0.9791666666666666,0.9791666666666666,0.9947916666666666,0.9947916666666666,184,3,0.015625
PUR,208,0.9759615384615384,0.9807692307692307,0.9951923076923077,0.9951923076923077,177,4,0.019230769230769232
STU,204,0.9852941176470589,0.9901960784313726,0.9950980392156863,0.9950980392156863,191,2,0.00980392156862745
TSI,214,0.9906542056074766,0.9906542056074766,0.9953271028037384,0.9953271028037384,211,2,0.009345794392523364
YRI,216,0.9861111111111112,0.9868055555555556,0.9953703703703703,0.9953703703703703,209,3,0.013888888888888888
